10,0.657,0.902,-0.174,-0.995,-0.358,0.804,0.788,-0.382
11,0.988,0.412,-0.768,-0.823,0.327,0.998,0.206,-0.888
12,0.855,-0.272,-1.0,-0.263,0.859,0.723,-0.472,-0.976
13,0.319,-0.828,-0.762,0.42,0.987,0.108,-0.929,-0.605
14,-0.366,-0.995,-0.166,0.906,0.65,-0.558,-0.949,0.05
15,-0.88,-0.694,0.509,0.966,0.008,-0.961,-0.522,0.682
16,-0.979,-0.066,0.944,0.571,-0.638,-0.913,0.15,0.993
17,-0.618,0.592,0.935,-0.092,-0.984,-0.435,0.752,0.837
18,0.034,0.972,0.486,-0.712,-0.867,0.248,1.0,0.287
19,0.67,0.895,-0.191,-0.997,-0.342,0.814,0.778,-0.398
